Date,Hook Text,Hook Type,Platform,Audience Segment,Engagement Signal,Why It Works,Ethos Adaptation,Source URL
2026-04-13,"If you're a parent and you don't have life insurance, this video is for you",Identity challenge,TikTok,Parents 30–45,9M+ likes,Calls out the viewer directly by role — parents feel seen and called to act,"Don't be the parent your kids can't count on — Ethos takes 10 min",https://www.tiktok.com/discover/trending-mom-content-2026
2026-04-13,"Things I wish I knew before having kids about money",Curiosity gap,TikTok,Parents 30–45,2.3M views,Creates a knowledge gap that parents with young children feel urgently applies to them,"Things I wish I'd done before having kids — #1 is life insurance",https://www.lyfemarketing.com/blog/tiktok-hook-ideas/
2026-04-13,"No-Spend 2026 Mom Edition — here's what week one looked like",Relatability,TikTok,Parents 30–45,1.8M views,"Mirrors a real trending behavior (No-Buy 2026) and makes it personal and serialized","No-Spend 2026 is trending — but skipping life insurance isn't the right cut",https://dallassinglemom.com/tiktok-budget-tips-that-people-say-can-save-big-money-in-2026/
2026-04-13,"Is life insurance actually worth it if you have kids?",Hot take,TikTok,Parents 30–45,3.1M views,Poses a question parents quietly have — invites them to stay and get the answer,"Yes — and here's what it costs for parents under 40 [price reveal]",https://www.tiktok.com/discover/viral-mom-tiktok-trends-2026
2026-04-13,"The one thing your financial advisor won't tell you about protecting your family",Curiosity gap,Instagram Reels,Parents 30–45,4.5M views,Implies insider knowledge being withheld — triggers distrust of status quo and curiosity,"The thing most financial plans miss: term life insurance under $30/mo",https://insense.pro/blog/instagram-reel-hooks
2026-04-13,"Stop saving money in a 401k until you do this first",Contrarian,TikTok,[Younger] 25–35,5.2M views,Says the opposite of conventional wisdom — forces viewers to question their current behavior,"Before you max your 401k: protect your income with term life first",https://www.lendkey.com/blog/personal-finance/tiktok-budgeting-trends-to-know/
2026-04-13,"I used to think life insurance was something old people got — until this happened",Relatability,TikTok,[Younger] 25–35,2.8M views,Mirrors the exact belief young adults hold — the 'until this happened' gap keeps them watching,"Most people in their 30s think this — until they have kids or a mortgage",https://www.lyfemarketing.com/blog/tiktok-hook-ideas/
2026-04-13,"Are you making this common money mistake in your 30s?",Curiosity gap,YouTube Shorts,[Younger] 25–35,3.4M views,Targets a specific age group and implies a mistake they're probably making right now,"The most common money mistake people in their 30s make: no life insurance",https://vidiq.com/blog/post/viral-video-hooks-youtube-shorts/
2026-04-13,"Loud budgeting 2026: everything I stopped paying for and why",How-to,TikTok,[Younger] 25–35,4.1M views,Hijacks the viral No-Buy/Loud Budgeting trend — list format drives saves and shares,"Loud budgeting tip: cut subscriptions, not life insurance — here's why",https://dallassinglemom.com/tiktok-budget-tips-that-people-say-can-save-big-money-in-2026/
2026-04-13,"Still no life insurance at 40? Here's what you need to hear",Identity challenge,YouTube Shorts,[Older] 40–55,1.9M views,Age-targeted call-out creates urgency — viewer knows they've been putting this off,"Still no life insurance at 40? Here's what it actually costs — you'll be surprised",https://vidiq.com/blog/post/viral-video-hooks-youtube-shorts/
2026-04-13,"Most people in their 40s have no idea how much life insurance actually costs",Price reveal,YouTube Shorts,[Older] 40–55,1.4M views,Implies a misconception about cost — triggers 'wait really?' response and drives watch time,"Life insurance in your 40s starts at $X/month — no medical exam required",https://www.marketeze.ai/en/blog/youtube-shorts-hooks-what-works-in-2026/
2026-04-13,"I turned 45 and finally looked at what I'd leave behind — this woke me up",Relatability,Instagram Reels,[Older] 40–55,2.2M views,First-person vulnerability + milestone age creates emotional resonance and urgency,"What would you leave behind? Ethos policies up to $1.5M — apply in 10 min",https://later.com/blog/instagram-reels-trends/
2026-04-13,"Your financial advisor doesn't want you to know this about term vs. whole life",Curiosity gap,YouTube Shorts,[Whale Signal] High-income,1.7M views,Implies conflict of interest — high earners especially distrust advisor bias,"Term life under $3M — no med exam and no broker markup",https://vidiq.com/blog/post/viral-video-hooks-youtube-shorts/
2026-04-13,"How to use life insurance to build wealth while you're alive",How-to,TikTok,[Whale Signal] High-income,2.6M views,Repositions life insurance as a wealth tool not just protection — unlocks new audience,"Most high earners don't know Ethos offers policies up to $2M with no exam",https://www.tiktok.com/discover/best-investment-to-grow-money-2026
2026-04-13,"The wealth strategy high earners use that nobody talks about",Curiosity gap,Instagram Reels,[Whale Signal] High-income,3.8M views,FOMO-driven — high earners believe there's always an edge they're missing,"Protecting $2M+ of income with a $50/mo term policy — the math is simple",https://insense.pro/blog/instagram-reel-hooks
2026-04-13,"Be the mom who has a plan — not just a vibe",Identity challenge,TikTok,[FM] Female-skewed,4.2M views,Positive identity reinforcement — aspires to the capable organized mom self-image,"Be the mom with life insurance. Ethos — 10 min online. No exam.",https://www.tiktok.com/discover/viral-mom-tiktok-trends-2026
2026-04-13,"What happens to my kids if something happens to me? I finally asked.",Fear/urgency,Instagram Reels,[FM] Female-skewed,3.1M views,"Vulnerable first-person hook activates parental fear — 'finally' signals delay and drives action","What happens to your kids if something happens to you? Get the answer in 10 min.",https://insense.pro/blog/instagram-reel-hooks
2026-04-13,"Me at 34 realizing I have no life insurance and two kids",Relatability,TikTok,[FM] Female-skewed,2.7M views,Mirrors the exact moment of realization — self-aware humor lowers defenses before the message lands,"Me at 34 with two kids and no life insurance → fixed it in 10 minutes on Ethos",https://www.tiktok.com/discover/viral-mom-tiktok-trends-2026
2026-04-13,"Dads — here's what happens to your family if something happens to you tonight",Fear/urgency,TikTok,[M] Male-skewed,5.6M views,Direct address + high-stakes scenario + tonight urgency — activates provider identity immediately,"Dads — your family is one paycheck away from a crisis without life insurance",https://www.oreateai.com/blog/the-rise-of-father-tiktok-a-new-trend-in-parenting-content/535b774318c002fb444587a7c10212ad
2026-04-13,"Be the dad with the plan — not the one who meant to get around to it",Identity challenge,TikTok,[M] Male-skewed,3.9M views,Contrast between aspiration and delay — calls out procrastination without shaming,"Be the dad with life insurance. 10 minutes. No exam. Ethos.",https://www.tiktok.com/discover/popular-tiktokers-dad-and-son
2026-04-13,"Real talk: what does being a provider actually mean in 2026?",Hot take,YouTube Shorts,[M] Male-skewed,2.1M views,Opens a philosophical debate men are having right now — makes them want to hear the take,"Real talk: being a provider means your family is covered if you're not there",https://vidiq.com/blog/post/viral-video-hooks-youtube-shorts/
2026-04-13,"Nobody tells new widows what to do about money — so I'm doing it",Curiosity gap,TikTok,Widows & Widowers,1.8M views,Fills an identified gap with authority — widow audience immediately trusts a peer voice,"Your spouse's Ethos policy could cover 500+ hours of financial chaos after a loss",https://www.tiktok.com/discover/widows-and-widowers-of-tiktok
2026-04-13,"I lost my spouse and almost lost my home — here's exactly how it happened",Fear/urgency,TikTok,Widows & Widowers,2.4M views,First-person loss + secondary financial loss = double stakes — deeply resonates with at-risk audience,"Income drops 37% on average after losing a spouse. Life insurance changes that.",https://www.tiktok.com/discover/widows-of-tik-tok
2026-04-13,"Welcome to the club no one wants to join — what I wish I'd known about finances first",Relatability,TikTok,Widows & Widowers,1.2M views,Inverts grief community language into practical urgency — #widowsoftiktok community trusts this frame,"If your spouse had a policy — even $250K — here's how it changes everything",https://www.tiktok.com/tag/widowsoftiktok
2026-04-13,"POV: you're a mom who finally knows where all the money actually goes",Relatability,TikTok,Parents 30–45,Not available,First-person POV format mirrors the exact moment of financial clarity moms crave — drives saves from those still searching for it,"POV: you're the mom with life insurance — and your kids are covered no matter what",https://newengen.com/tiktok-trends/
2026-04-13,"Save this family financial checklist before you actually need it",How-to,Instagram Reels,Parents 30–45,Not available,Save-driving hooks outperform views-only because the algorithm treats saves as high-intent signals — checklist format guarantees utility,"Save this checklist: life insurance + will + emergency fund — the 3 things every parent needs before something happens",https://insense.pro/blog/instagram-reel-hooks
2026-04-13,"You're losing thousands a year on subscriptions your family forgot about — here's the proof",Fear/urgency,TikTok,Parents 30–45,1.4M views,Calls out a specific invisible financial leak parents feel guilty about — urgency drives immediate watch-through,"Most parents spend more on forgotten subscriptions than life insurance — here's what a policy actually costs",https://dallassinglemom.com/tiktok-budget-tips-that-people-say-can-save-big-money-in-2026/
2026-04-13,"If you're not doing THIS in your 30s you're leaving serious money on the table",Curiosity gap,TikTok,[Younger] 25–35,Not available,Age-targeted + withheld specifics creates scroll-stopping urgency for achievement-oriented millennials,"If you're in your 30s with no term life insurance yet — you're leaving your family exposed. Here's what it costs.",https://www.lyfemarketing.com/blog/tiktok-hook-ideas/
2026-04-13,"Buying a house in your 20s is the single worst investment you can make — before you do this",Contrarian,Instagram Reels,[Younger] 25–35,3.6M views,Polarizing financial take stops the scroll instantly — challenges the sacred cow of homeownership for millennials,"Before you buy a house in your 30s: protect your income first. Life insurance from $15/mo. No exam.",https://www.marketingblocks.ai/50-viral-hook-templates-for-ads-reels-tiktok-or-captions-2026-frameworks-examples-ai-prompts-included/
2026-04-13,"Killing dilulu spending in 2026 — the exact categories I cut kept and why",Relatability,TikTok,[Younger] 25–35,2.2M views,Hijacks 'dilulu' (delusional) spending meme language while delivering real finance content — drives saves from budget-conscious millennials,"Killing dilulu spending 2026: I cut Netflix and kept life insurance — here's why that math makes sense",https://dallassinglemom.com/tiktok-budget-tips-that-people-say-can-save-big-money-in-2026/
2026-04-13,"Have you heard about the hybrid cash-and-invest method? Here's why people in their 30s are switching",Curiosity gap,YouTube Shorts,[Younger] 25–35,890K views,Implies financial FOMO while name-dropping a specific method — curiosity + social proof combo drives high completion rates,"Have you heard about term-and-invest? Protect your family with a $20/mo policy and invest the rest — here's the math",https://www.nasdaq.com/articles/tiktok-investing-strategies-will-actually-help-build-wealth-2026-according-experts
2026-04-13,"POV: you found a budget that finally helped you stop impulse spending — here's the only framework you need",Relatability,Instagram Reels,[Younger] 25–35,1.9M views,POV format makes the viewer the protagonist of a financial win — 'only framework you need' drives saves and follows,"POV: you finally built a budget that works — and found out life insurance is cheaper than your daily latte",https://insense.pro/blog/instagram-reel-hooks
2026-04-13,"Here are my ins and outs for my 40s — what I'm keeping cutting and doing completely differently",Relatability,TikTok,[Older] 40–55,1.8M views,Hijacks the viral 'ins and outs' list format — personalized to midlife makes it feel like a peer's real advice not a brand pitch,"My 40s ins and outs: OUT overpriced whole life — IN Ethos term up to $1.5M with no exam",https://www.kapwing.com/resources/march-2026-tiktok-trends-for-creators-brands/
2026-04-13,"I'm in my 40s and I finally stopped chasing the hustle — this is what actually matters now",Contrarian,TikTok,[Older] 40–55,2.4M views,Anti-hustle pivot resonates deeply with burned-out 40s audience — 'finally' signals hard-won wisdom they trust,"Stopped chasing more — started protecting what I have. In your 40s? Here's what life insurance actually costs.",https://www.tiktok.com/discover/what-is-a-midlife-career-comeback
2026-04-13,"Career pivot at 45: what I wish I'd done financially before I made the jump",Curiosity gap,TikTok,[Older] 40–55,1.6M views,First-person regret hook from a credible relatable peer — career pivoters in their 40s immediately recognize themselves,"Changing careers at 45? Make sure your family is covered before you leave your employer benefits behind",https://www.tiktok.com/discover/what-is-a-midlife-career-change
2026-04-13,"Index funds aren't enough — here's the one wealth layer most high earners never talk about",Curiosity gap,TikTok,[Whale Signal] High-income,3.1M views,Challenges an assumption high earners hold as truth — implies a gap in their strategy that needs to be filled,"High earners protect income with term policies up to $2M — no exam and rates start lower than your gym membership",https://www.nasdaq.com/articles/tiktok-investing-strategies-will-actually-help-build-wealth-2026-according-experts
2026-04-13,"Portfolio diversification is smart — but here's what separates people actually building generational wealth",Contrarian,YouTube Shorts,[Whale Signal] High-income,1.4M views,Validates the viewer's current behavior then creates a gap — high earners are motivated to close knowledge gaps,Diversified portfolio? Check. Now add the one layer most high earners skip — a $2M term policy with no medical exam,https://www.nasdaq.com/articles/tiktok-investing-strategies-will-actually-help-build-wealth-2026-according-experts
2026-04-13,"Everything you know about protecting your wealth in 2026 is wrong",Contrarian,TikTok,[Whale Signal] High-income,4.2M views,Blanket contrarian challenge to wealth-builders — activates the ego's need to prove it right while creating curiosity,"Most high earners over-insure with whole life and under-protect with term — here's the math that changes everything",https://sendshort.ai/guides/tiktok-hooks/
2026-04-13,"Gen Z women are quietly dominating finance TikTok — here's the one move they're all making",Social proof,TikTok,[FM] Female-skewed,5.1M views,Social proof from a younger peer cohort creates FOMO in millennial and Gen X women who want to stay financially relevant,"The move every financially-savvy woman is making in 2026: protection first — Ethos policies from $15/mo with no exam",https://www.newsanyway.com/2026/04/03/gen-z-women-are-quietly-dominating-finance-tiktok-and-changing-the-industry
2026-04-13,"Girl to girl: the one money conversation we're not having enough right now",Relatability,Instagram Reels,[FM] Female-skewed,Not available,Female-to-female direct address lowers defenses — 'the one' creates curiosity gap within a trusted peer framing,"Girl to girl: nobody talks about what happens to your family's finances if something happens to you",https://later.com/blog/instagram-reels-trends/
2026-04-13,"World stop — I just found out how much I should have been investing since my 20s",Fear/urgency,Instagram Reels,[FM] Female-skewed,2.8M views,'World stop' is a viral Reels format — pairing it with a regret hook about delayed financial action hits women 30–45 hard,"World stop — I just found out how little life insurance costs and how long I've been unprotected",https://later.com/blog/instagram-reels-trends/
2026-04-13,"What my financial wing woman told me that changed how I think about money forever",Curiosity gap,TikTok,[FM] Female-skewed,1.9M views,'Financial wing woman' borrows trusted-friend framing from a real creator — social proof + curiosity gap from a peer perspective,"My financial wing woman's #1 rule: protect your income before you invest it — here's what that looks like",https://www.tembomoney.com/learn/top-tiktok-finance-accounts-to-follow
2026-04-13,"Modern dads are redefining what being a provider means — and it starts with this one thing",Identity challenge,TikTok,[M] Male-skewed,3.3M views,Reframes provider identity from income to protection — gives men a new aspiration that doesn't require earning more money,"Modern providers don't just earn — they protect. Ethos term life: 10 min online no exam for dads serious about their family",https://www.oreateai.com/blog/the-rise-of-father-tiktok-a-new-trend-in-parenting-content/535b774318c002fb444587a7c10212ad
2026-04-13,"A new dad went viral talking about the loneliness of fatherhood — and his financial wake-up hit different",Social proof,TikTok,[M] Male-skewed,2.7M views,Piggybacks on a viral emotional moment that resonated with dads — social proof from a peer's vulnerability opens the door to a financial message,"The dad who went viral about fatherhood loneliness also had a financial wake-up call — here's what he did",https://www.mother.ly/parenting/new-dad-shares-fatherhood-challenges/
2026-04-13,"Most dads with young families are making this exact money mistake — are you?",Challenge/dare,YouTube Shorts,[M] Male-skewed,1.2M views,Direct challenge to dads' identity as providers — the 'are you?' at the end converts curiosity into personal accountability,"Most dads with young kids have no life insurance — are you one of them? It takes 10 minutes to fix",https://vidiq.com/blog/post/viral-video-hooks-youtube-shorts/
2026-04-13,"Forget the five stages of grief — let's talk about the four financial seasons of widowhood",Curiosity gap,TikTok,Widows & Widowers,1.5M views,Subverts the known grief framework with a novel practical lens — widow community immediately identifies and shares insider knowledge,"One of the four financial seasons of widowhood is preventable — here's how a life insurance policy changes season one entirely",https://www.tiktok.com/tag/widowsoftiktok
2026-04-13,"The truth about widowhood no one talks about — and what it cost me financially",Fear/urgency,TikTok,Widows & Widowers,2.1M views,"Double-layered hook — 'truth no one talks about' triggers curiosity while 'what it cost me' activates financial anxiety for the at-risk audience","The financial truth about losing a spouse: the first 90 days without life insurance are brutal — here's what to do now",https://www.tiktok.com/discover/widows-and-widowers-of-tiktok
2026-04-13,"Just being real: this life after loss is hard — and nobody prepares you for the money part",Relatability,TikTok,Widows & Widowers,1.3M views,Raw first-person authenticity resonates deeply in the widow community — 'nobody prepares you' validates their experience while setting up practical information,"Nobody prepares widows for the money part — but a term policy can be the difference between rebuilding and starting over",https://www.tiktok.com/@theloriconway/video/7497105348092874030
2026-04-13,"What changed me in 2026: the financial reality of losing a spouse nobody warned me about",Relatability,TikTok,Widows & Widowers,Not available,"'What changed me' is a viral TikTok trend format — applying it to widow financial experience makes it both trendy and deeply personal","What changes a family in 2026: losing a spouse without life insurance. Here's what a policy would have meant.",https://www.tiktok.com/discover/widows-and-widowers-of-tiktok
2026-04-13,"You won't believe what most families discover too late about their financial protection",Curiosity gap,TikTok,Parents 30–45,Not available,"'You won't believe' is the #1 hook format in 2026 per research — combined with 'too late' urgency it drives high completion rates","Most families discover the coverage gap only after they need it — don't be one of them. Ethos: 10 min no exam.",https://sendshort.ai/guides/tiktok-hooks/
2026-04-13,"Here's how I secured my family's future without changing our lifestyle — most advisors get this backwards",Contrarian,Instagram Reels,[Younger] 25–35,2.3M views,Authority hook + advisor conflict-of-interest angle + lifestyle reassurance — a triple-threat across both anxious and confident financial audiences,"Here's how most families protect up to $1.5M without changing their budget: Ethos term life under $30/mo. No exam. 10 min.",https://insense.pro/blog/instagram-reel-hooks
2026-04-13,"Nobody talks about the four seasons of financial planning — here's which one most people are stuck in",Curiosity gap,YouTube Shorts,[Older] 40–55,1.7M views,"'Four seasons' framework is novel and memorable — 'which one are you stuck in' forces personal identification and keeps viewers watching","Most families are stuck in financial spring — all income no protection. Here's how a $20/mo Ethos policy closes the gap.",https://vidiq.com/blog/post/viral-video-hooks-youtube-shorts/
